{"train-acc-0": 1, "epoch": 2, "trainer/global_step": 563, "_timestamp": 1729950302.4687676, "_runtime": 68.779881914, "_step": 952, "loss": 0.14900723099708557, "train-acc-1": 1, "train-acc": 0.96875, "val-acc_step": 0.8125, "val-acc-0_step": 1, "val-acc-1_step": 1, "val-acc-0_epoch": 0.8527392745018005, "val-acc-1_epoch": 0.9129092693328857, "val-acc_epoch": 0.8601999878883362}