{"val-acc_step": 0.875, "trainer/global_step": 569, "_timestamp": 1730074724.1901383, "_runtime": 346.468108209, "_step": 9471, "val-acc_epoch": 0.9032999873161316, "val-acc-0": 0.9636991024017334, "val-acc-1": 0.9554209113121033, "epoch": 29, "train-acc-1_epoch": 1, "train-acc-0_epoch": 1, "lr": 0.008145033635316157, "drop_out-0": 0, "train-acc": 1, "train-acc-0_step": 1, "train-acc-1_step": 1, "loss": 0.0001291361404582858}