{"val-acc_step": 0.375, "trainer/global_step": 189, "_timestamp": 1730072447.8610497, "_runtime": 159.574839926, "_step": 3155, "val-acc-0": 0.4953865706920624, "val-acc-1": 0, "epoch": 9, "val-acc_epoch": 0.4587000012397766, "train-acc-0_epoch": 0.982222318649292, "train-acc-1_epoch": 0.9657143354415894, "lr/pg1": 0.007003, "lr/pg2": 0.007003, "loss": 0.2296159714460373, "train-acc-1_step": 1, "drop_out-0": 0, "train-acc": 0.9375, "train-acc-0_step": 0.6666666865348816}