{"drop_out-0": 1, "train-acc-1": 1, "trainer/global_step": 563, "_timestamp": 1729954548.705629, "_runtime": 49.113825258, "loss": 2.306389808654785, "train-acc": 0.0625, "train-acc-0": 0, "epoch": 2, "_step": 563}