{"train-acc": 1, "train-acc-0": 1, "train-acc-1": 1, "epoch": 9, "trainer/global_step": 1879, "_runtime": 205.292348377, "loss": 0.006862014997750521, "_timestamp": 1729813993.129167, "_step": 3176, "val-acc_step": 0.6875, "val-acc-0_step": 0.5, "val-acc-1_step": 0.5, "val-acc_epoch": 0.7013999819755554, "val-acc-0_epoch": 0.42907431721687317, "val-acc-1_epoch": 0.9475198984146118}