{"lr/pg3": 0.007564338553438029, "lr/pg4": 0.004109423525312749, "trainer/global_step": 379, "_timestamp": 1730418523.7575219, "_runtime": 249.721783169, "_step": 7059, "lr/pg1": 0.004109423525312749, "lr/pg2": 0.007564338553438029, "drop_out-0": 0, "loss": 3.647215635282919e-05, "train-acc": 1, "train-acc-1_step": 1, "epoch": 19, "train-acc-0_step": 1, "val-acc_step": 0.875, "val-acc-0": 0.4682057499885559, "val-acc-1": 0.9834132790565491, "val-acc_epoch": 0.7418000102043152, "train-acc-0_epoch": 1, "train-acc-1_epoch": 1}