{"val-acc_step": 0.4375, "trainer/global_step": 189, "_timestamp": 1730073023.1154947, "_runtime": 152.636512571, "_step": 3155, "val-acc-1": 0.0018666668329387903, "epoch": 9, "val-acc_epoch": 0.2971000075340271, "val-acc-0": 0, "train-acc-0_epoch": 1, "train-acc-1_epoch": 1, "lr": 0.007003, "train-acc": 0.96875, "train-acc-0_step": 1, "train-acc-1_step": 1, "drop_out-0": 0, "loss": 0.06443051993846893}