{"lr/pg1": 0.006890576474687263, "lr/pg2": 0.006890576474687263, "trainer/global_step": 189, "_timestamp": 1730419835.9456673, "_runtime": 140.041688187, "_step": 3529, "drop_out-0": 0, "loss": 0.0002849178563337773, "train-acc-0_step": 1, "train-acc-1_step": 1, "train-acc": 1, "epoch": 9, "val-acc_step": 0.5, "val-acc_epoch": 0.5468000173568726, "val-acc-0": 0.14883045852184296, "val-acc-1": 0.9934629201889038, "train-acc-0_epoch": 1, "train-acc-1_epoch": 1}