{"val-acc_step": 0.75, "trainer/global_step": 379, "_timestamp": 1730073634.3710032, "_runtime": 317.276274984, "_step": 6313, "val-acc_epoch": 0.8070999979972839, "val-acc-0": 0.760339081287384, "val-acc-1": 0.9818361401557922, "epoch": 19, "train-acc-0_epoch": 1, "train-acc-1_epoch": 1, "lr": 0.0010453658778440107, "loss": 0.0001698434934951365, "train-acc-0_step": 1, "drop_out-0": 0, "train-acc": 1, "train-acc-1_step": 1}