{"_timestamp": 1729952758.2540321, "loss": 2.2854535579681396, "train-acc-0": 0, "epoch": 2, "trainer/global_step": 563, "train-acc": 0.125, "train-acc-1": 1, "_runtime": 55.977084935, "_step": 955, "val-acc_step": 0.4375, "val-acc-0_step": 0.5, "val-acc-1_step": 0, "val-acc-0_epoch": 0.3078095316886902, "val-acc-1_epoch": 0.03619047626852989, "val-acc_epoch": 0.4237000048160553, "drop_out-0": 1}