{"_timestamp": 1730928242.4743629, "classification loss": 0.05416307598352432, " distillation loss": 0.002314746379852295, "drop_out-0": 0, "loss": 0.05647782236337662, "train-acc": 0.96875, "epoch": 9, "train-acc-0_step": 1, "train-acc-1_step": 1, "trainer/global_step": 1879, "_runtime": 334.33210511, "_step": 3186, "classification loss_step": 1.1548285484313965, " distillation loss_step": 0.009908887557685375, "val-acc_step": 0.75, "val-acc_epoch": 0.7358999848365784, "val-acc-1": 0.7126856446266174, " distillation loss_epoch": 0.005791245028376579, "val-acc-0": 0.6496723890304565, "classification loss_epoch": 1.2119706869125366, "train-acc-0_epoch": 0.9780889749526978, "distillation_weight": 0.6000000238418579, "classification_weight": 0.8999999761581421, "train-acc-1_epoch": 0.9815555810928345}