{"lr/pg2": 0.013435661446561997, "trainer/global_step": 189, "_timestamp": 1730419372.8862987, "_runtime": 115.378627639, "_step": 3529, "lr/pg1": 0.006890576474687263, "loss": 0.03222566843032837, "train-acc": 1, "train-acc-0_step": 1, "train-acc-1_step": 1, "epoch": 9, "drop_out-0": 0, "val-acc_step": 0.375, "val-acc_epoch": 0.2651999890804291, "val-acc-0": 0.08588574081659317, "val-acc-1": 0.004937143065035343, "train-acc-1_epoch": 1, "train-acc-0_epoch": 1}