{"trainer/global_step": 1879, "_runtime": 236.172703602, "loss": 0.06611926108598709, "train-acc": 0.96875, "train-acc-0": 1, "train-acc-1": 1, "epoch": 9, "_timestamp": 1729805912.700639, "_step": 3176, "val-acc_step": 0.875, "val-acc-0_step": 1, "val-acc-1_step": 1, "val-acc_epoch": 0.8801000118255615, "val-acc-0_epoch": 0.9232230186462402, "val-acc-1_epoch": 0.9461930394172668}