{"_step": 3152, "val-acc_step": 0.4375, "trainer/global_step": 189, "_timestamp": 1730071037.929925, "_runtime": 164.265904459, "val-acc_epoch": 0.4846999943256378, "val-acc-0": 0.031573329120874405, "val-acc-1": 0.0007999999797903001, "epoch": 9, "train-acc-1_epoch": 0.991111159324646, "train-acc-0_epoch": 0.9688889384269714, "loss": 0.07525354623794556, "train-acc-1_step": 1, "drop_out-0": 0, "train-acc-0_step": 0.800000011920929, "train-acc": 0.96875}