{"train-acc": 0, "train-acc-0": 0, "train-acc-1": 0, "epoch": 2, "trainer/global_step": 563, "_runtime": 72.229002724, "drop_out-0": 1, "loss": 2.318946123123169, "_step": 1505, "_timestamp": 1729953459.030009, "val-acc_step": 0.4375, "val-acc-0_step": 0, "val-acc-1_step": 0, "val-acc_epoch": 0.5677000284194946, "val-acc-0_epoch": 0.1725180745124817, "val-acc-1_epoch": 0.24370412528514862}